commGIS,Province,Commune,
10101,Banteay Meanchey,Paoy Paet, 
10102,Banteay Meanchey,Nimitt,
10201,Banteay Meanchey,Banteay Neang,
10202,Banteay Meanchey,Bat Trang,
10203,Banteay Meanchey,Chamnaom,
10204,Banteay Meanchey,Kouk Ballangk,
10205,Banteay Meanchey,Koy Maeng,
10206,Banteay Meanchey,Ou Prasat,
10207,Banteay Meanchey,Phnum Touch,
10208,Banteay Meanchey,Rohat Tuek,
10209,Banteay Meanchey,Ruessei Kraok,
10210,Banteay Meanchey,Sambuor,
10211,Banteay Meanchey,Soea,
10212,Banteay Meanchey,Srah Reang,
10213,Banteay Meanchey,Ta Lam,
10301,Banteay Meanchey,Nam Tau,
10302,Banteay Meanchey,Paoy Char,
10303,Banteay Meanchey,Ponley,
10304,Banteay Meanchey,Spean Sraeng,
10305,Banteay Meanchey,Srah Chik,
10306,Banteay Meanchey,Phnum Dei,
10401,Banteay Meanchey,Chhnuor Mean Chey,
10402,Banteay Meanchey,Chob Veari,
10403,Banteay Meanchey,Phnum Lieb,
10404,Banteay Meanchey,Prasat,
10405,Banteay Meanchey,Preah Netr Preah,
10406,Banteay Meanchey,Rohal,
10407,Banteay Meanchey,Tean Kam,
10408,Banteay Meanchey,Tuek Chour,
10409,Banteay Meanchey,Bos Sbov,
10501,Banteay Meanchey,Changha,
10502,Banteay Meanchey,Koub,
10503,Banteay Meanchey,Kuttasat,
10504,Banteay Meanchey,Ou Bei Choan,
10505,Banteay Meanchey,Samraong,
10506,Banteay Meanchey,Souphi,
10507,Banteay Meanchey,Soengh,
10601,Banteay Meanchey,Tuek Thla,
10602,Banteay Meanchey,Kampong Svay,
10603,Banteay Meanchey,Kaoh Pong Satv,
10604,Banteay Meanchey,Mkak,
10605,Banteay Meanchey,Ou Ambel,
10606,Banteay Meanchey,Phniet,
10607,Banteay Meanchey,Preah Ponlea,
10701,Banteay Meanchey,Banteay Chhmar,
10702,Banteay Meanchey,Kouk Romiet,
10703,Banteay Meanchey,Phum Thmei,
10704,Banteay Meanchey,Thma Puok,
10705,Banteay Meanchey,Kouk Kakthen,
10706,Banteay Meanchey,Kumru,
10801,Banteay Meanchey,Phkoam,
10802,Banteay Meanchey,Sarongk,
10803,Banteay Meanchey,Sla Kram,
10804,Banteay Meanchey,Svay Chek,
10805,Banteay Meanchey,Ta Baen,
10806,Banteay Meanchey,Ta Phou,
10807,Banteay Meanchey,Treas,
10808,Banteay Meanchey,Roluos,
10901,Banteay Meanchey,Boeng Beng,
10902,Banteay Meanchey,Malai,
10903,Banteay Meanchey,Ou Sampor,
10904,Banteay Meanchey,Ou Sralau,
10905,Banteay Meanchey,Tuol Pongro,
10906,Banteay Meanchey,Ta Kong,
20101,Battambang,Kantueu Muoy,
20102,Battambang,Kantueu Pir,
20103,Battambang,Bay Damram,
20104,Battambang,Chheu Teal,
20105,Battambang,Chaeng Mean Chey,
20106,Battambang,Phnum Sampov,
20107,Battambang,Snoeng,
20108,Battambang,Ta Kream,
20201,Battambang,Ta Pung,
20202,Battambang,Ta Meun,
20203,Battambang,Ou Ta Ki,
20204,Battambang,Chrey1,
20205,Battambang,Anlong Run,
20206,Battambang,Chrouy Sdau,
20207,Battambang,Boeng Pring,
20208,Battambang,Kouk Khmum,
20209,Battambang,Bansay Traeng,
20210,Battambang,Rung Chrey,
20301,Battambang,Tuol Ta Aek,
20302,Battambang,Preaek Preah Sdach,
20303,Battambang,Rotanak,
20304,Battambang,Chamkar Samraong,
20305,Battambang,Sla Kaet,
20306,Battambang,Kdol Doun Teav,
20307,Battambang,Ou Mal,
20308,Battambang,Voat Kor,
20309,Battambang,Ou Char,
20310,Battambang,Svay Pao,
20401,Battambang,Bavel,
20402,Battambang,Khnach Romeas,
20403,Battambang,Lvea,
20404,Battambang,Prey Khpos,
20405,Battambang,Ampil Pram Daeum,
20406,Battambang,Kdol Tahen,
20501,Battambang,Preaek Norint,
20502,Battambang,Samraong Knong,
20503,Battambang,Preaek Khpob,
20504,Battambang,Preaek Luong,
20505,Battambang,Peam Aek,
20506,Battambang,Prey Chas,
20507,Battambang,Kaoh Chiveang,
20601,Battambang,Moung,
20602,Battambang,Kear,
20603,Battambang,Prey Svay,
20604,Battambang,Ruessei Krang,
20605,Battambang,Chrey,
20606,Battambang,Ta Loas,
20607,Battambang,Kakaoh,
20608,Battambang,Prey Touch,
20609,Battambang,Robas Mongkol,
20701,Battambang,Sdau,
20702,Battambang,Andaeuk Haeb,
20703,Battambang,Phlov Meas,
20704,Battambang,Traeng,
20801,Battambang,Anlong Vil,
20802,Battambang,Norea,
20803,Battambang,Ta Pon,
20804,Battambang,Roka,
20805,Battambang,Kampong Preah,
20806,Battambang,Kampong Preang,
20807,Battambang,Reang Kesei,
20808,Battambang,Ou Dambang Muoy,
20809,Battambang,Ou Dambang Pir,
20810,Battambang,Voat Ta Muem,
20901,Battambang,Ta Taok,
20902,Battambang,Kampong Lpou,
20903,Battambang,Ou Samrel,
20904,Battambang,Sung,
20905,Battambang,Samlout,
20906,Battambang,Mean Cheay,
20907,Battambang,Ta Sanh,
21001,Battambang,Sampou Lun,
21002,Battambang,Angkor Ban,
21003,Battambang,Ta Sda,
21004,Battambang,Santepheap,
21005,Battambang,Serei Maen Cheay,
21006,Battambang,Chrey Sema,
21101,Battambang,Phnum Proek,
21102,Battambang,Pech Chenda,
21103,Battambang,Chakrei,
21104,Battambang,Barang Thleak,
21105,Battambang,Ou Rumduol,
21201,Battambang,Kamrieng,
21202,Battambang,Boeng Reang,
21203,Battambang,Ou Da,
21204,Battambang,Trang,
21205,Battambang,Ta Saen,
21206,Battambang,Ta Krai,
21301,Battambang,Thipakdei,
21302,Battambang,Koas Krala,
21303,Battambang,Hab,
21304,Battambang,Preah Phos,
21305,Battambang,Doun Ba,
21306,Battambang,Chhnal Moan,
21401,Battambang,Prek Chik,
21402,Battambang,Prey Tralach,
30101,Kampong Cham,Batheay,
30102,Kampong Cham,Chbar Ampov,
30103,Kampong Cham,Chealea,
30104,Kampong Cham,Cheung Prey,
30105,Kampong Cham,Me Pring,
30106,Kampong Cham,Ph'av,
30107,Kampong Cham,Sambour,
30108,Kampong Cham,Sandaek,
30109,Kampong Cham,Tang Krang,
30110,Kampong Cham,Tang Krasang,
30111,Kampong Cham,Trab,
30112,Kampong Cham,Tumnob,
30201,Kampong Cham,Bos Khnaor,
30202,Kampong Cham,Chamkar Andoung,
30203,Kampong Cham,Cheyyou,
30204,Kampong Cham,Lvea Leu,
30205,Kampong Cham,Spueu,
30206,Kampong Cham,Svay Teab,
30207,Kampong Cham,Ta Ong,
30208,Kampong Cham,Ta Prok,
30301,Kampong Cham,Khnaor Dambang,
30302,Kampong Cham,Kouk Rovieng,
30303,Kampong Cham,Phdau Chum,
30304,Kampong Cham,Prey Char,
30305,Kampong Cham,Pring Chrum,
30306,Kampong Cham,Sampong Chey,
30307,Kampong Cham,Sdaeung Chey,
30308,Kampong Cham,Soutip,
30309,Kampong Cham,Srama,
30310,Kampong Cham,Trapeang Kor,
30401,Kampong Cham,Chong Cheach,
30402,Kampong Cham,Dambae,
30403,Kampong Cham,Kouk Srok,
30404,Kampong Cham,Neang Teut,
30405,Kampong Cham,Seda,
30406,Kampong Cham,Tuek Chrov,
30407,Kampong Cham,Trapeang Pring,
30501,Kampong Cham,Boeng Kok,
30502,Kampong Cham,Kampong Cham,
30503,Kampong Cham,Sambuor Meas,
30504,Kampong Cham,Veal Vong,
30601,Kampong Cham,Ampil,
30602,Kampong Cham,Han Chey,
30603,Kampong Cham,Kien Chrey,
30604,Kampong Cham,Kokor,
30605,Kampong Cham,Kaoh Mitt,
30606,Kampong Cham,Kaoh Roka,
30607,Kampong Cham,Kaoh Samraong,
30608,Kampong Cham,Kaoh Tontuem,
30609,Kampong Cham,Krala,
30610,Kampong Cham,Ou Svay,
30611,Kampong Cham,Ro'ang,
30612,Kampong Cham,Rumchek1,
30613,Kampong Cham,Srak,
30614,Kampong Cham,Trean,
30615,Kampong Cham,Vihear Thum,
30701,Kampong Cham,Angkor Ban,
30702,Kampong Cham,Kang Ta Noeng,
30703,Kampong Cham,Khchau,
30704,Kampong Cham,Peam Chi Kang,
30705,Kampong Cham,Preaek Koy,
30706,Kampong Cham,Preaek Krabau,
30707,Kampong Cham,Reay Pay,
30708,Kampong Cham,Roka ar,
30709,Kampong Cham,Roka Koy,
30710,Kampong Cham,Sdau,
30711,Kampong Cham,Sour Kong,
30801,Kampong Cham,Kampong Reab,
30802,Kampong Cham,Kaoh Soutin,
30803,Kampong Cham,Lve,
30804,Kampong Cham,Moha Leaph,
30805,Kampong Cham,Moha Khnhoung,
30806,Kampong Cham,Peam Prathnuoh,
30807,Kampong Cham,Pongro,
30808,Kampong Cham,Preaek Ta Nong,
30901,Kampong Cham,Chhuk,
30902,Kampong Cham,Chumnik,
30903,Kampong Cham,Kampong Treas,
30904,Kampong Cham,Kaoh Pir,
30905,Kampong Cham,Krouch Chhmar,
30906,Kampong Cham,Peus Muoy,
30907,Kampong Cham,Peus Pir,
30908,Kampong Cham,Preaek a Chi,
30909,Kampong Cham,Roka Khnaor,
30910,Kampong Cham,Svay Khleang,
30911,Kampong Cham,Trea,
30912,Kampong Cham,Tuol Snuol,
31001,Kampong Cham,Chan Mul,
31002,Kampong Cham,Choam,
31003,Kampong Cham,Choam Kravien,
31004,Kampong Cham,Choam Ta Mau,
31005,Kampong Cham,Dar,
31006,Kampong Cham,Kampoan,
31007,Kampong Cham,Memong,
31008,Kampong Cham,Memot,
31009,Kampong Cham,Treak,
31010,Kampong Cham,Rung,
31011,Kampong Cham,Rumchek,
31012,Kampong Cham,Kokir,
31013,Kampong Cham,Tramung,
31014,Kampong Cham,Tonlung,
31101,Kampong Cham,Ampil Ta Pok,
31102,Kampong Cham,Chak,
31103,Kampong Cham,Damrel,
31104,Kampong Cham,Kong Chey,
31105,Kampong Cham,Mien1,
31106,Kampong Cham,Tuol Sophi,
31107,Kampong Cham,Preah Theat,
31201,Kampong Cham,Veal Mlu,
31202,Kampong Cham,Doun Tei,
31203,Kampong Cham,Kak,
31204,Kampong Cham,Kandaol Chrum,
31205,Kampong Cham,Kaong Kang,
31206,Kampong Cham,Kraek,
31207,Kampong Cham,Popel,
31208,Kampong Cham,Trapeang Phlong,
31301,Kampong Cham,Baray1,
31302,Kampong Cham,Boeng Nay,
31303,Kampong Cham,Chrey Vien,
31304,Kampong Cham,Khvet Thum,
31305,Kampong Cham,Kor1,
31306,Kampong Cham,Krouch,
31307,Kampong Cham,Lvea,
31308,Kampong Cham,Mien,
31309,Kampong Cham,Prey Chhor,
31310,Kampong Cham,Sour Saen,
31311,Kampong Cham,Samraong,
31312,Kampong Cham,Srangae,
31313,Kampong Cham,Thma Pun,
31314,Kampong Cham,Tong Rong,
31315,Kampong Cham,Trapeang Preah,
31401,Kampong Cham,Baray,
31402,Kampong Cham,Chi Bal,
31403,Kampong Cham,Khnar Sa,
31404,Kampong Cham,Kaoh  Andaet,
31405,Kampong Cham,Mean Chey,
31406,Kampong Cham,Pteah Kandal,
31407,Kampong Cham,Pram Yam,
31408,Kampong Cham,Preaek Dambouk,
31409,Kampong Cham,Preaek Pou,
31410,Kampong Cham,Preaek Rumdeng,
31411,Kampong Cham,Ruessei Srok,
31412,Kampong Cham,Svay Pou,
31413,Kampong Cham,Svay Sach Phnum,
31414,Kampong Cham,Tong Tralach,
31501,Kampong Cham,areaks Tnaot,
31502,Kampong Cham,Tuol Preah Khleang,
31503,Kampong Cham,Dang Kdar,
31504,Kampong Cham,Khpob Ta Nguon,
31505,Kampong Cham,Me Sar Chrey,
31506,Kampong Cham,Ou Mlu,
31507,Kampong Cham,Peam Kaoh Sna,
31508,Kampong Cham,Preah Andoung,
31509,Kampong Cham,Preaek Bak,
31510,Kampong Cham,Preaek Kak,
31511,Kampong Cham,Tuol Sambuor,
31512,Kampong Cham,Soupheas,
31601,Kampong Cham,Anhchaeum,
31602,Kampong Cham,Boeng Pruol,
31603,Kampong Cham,Peam Chileang,
31604,Kampong Cham,Chikor,
31605,Kampong Cham,Chirou Muoy,
31606,Kampong Cham,Chirou Pir,
31607,Kampong Cham,Roka Po Pram,
31608,Kampong Cham,Chob,
31609,Kampong Cham,Sralab,
31610,Kampong Cham,Thma Pechr,
31611,Kampong Cham,Tonle Bet,
31612,Kampong Cham,Kor,
31613,Kampong Cham,Lngieng,
31614,Kampong Cham,Moung Riev,
31701,Kampong Cham,Suong,
31702,Kampong Cham,Vihear Luong,
40101,Kampong Chhnang,Anhchanh Rung,
40102,Kampong Chhnang,Chhnok Tru,
40103,Kampong Chhnang,Chak,
40104,Kampong Chhnang,Khon Rang,
40105,Kampong Chhnang,Kampong Preah Kokir,
40106,Kampong Chhnang,Melum,
40107,Kampong Chhnang,Phsar,
40108,Kampong Chhnang,Pech Changvar,
40109,Kampong Chhnang,Popel,
40110,Kampong Chhnang,Ponley,
40111,Kampong Chhnang,Trapeang Chan,
40201,Kampong Chhnang,Chol Sar,
40202,Kampong Chhnang,Kaoh Thkov,
40203,Kampong Chhnang,Kampong Os,
40204,Kampong Chhnang,Peam Chhkaok,
40205,Kampong Chhnang,Prey Kri,
40301,Kampong Chhnang,Phsar Chhnang,
40302,Kampong Chhnang,Kampong Chhnang,
40303,Kampong Chhnang,Ph'er,
40304,Kampong Chhnang,Khsam,
40401,Kampong Chhnang,Chranouk,
40402,Kampong Chhnang,Dar,
40403,Kampong Chhnang,Kampong hau,
40404,Kampong Chhnang,Phlov Tuk,
40405,Kampong Chhnang,Pou,
40406,Kampong Chhnang,Pralay Meas,
40407,Kampong Chhnang,Samraong Saen,
40408,Kampong Chhnang,Svay Rumpear,
40409,Kampong Chhnang,Trangel,
40501,Kampong Chhnang,Ampil Tuek,
40502,Kampong Chhnang,Chhuk Sa,
40503,Kampong Chhnang,Chres,
40504,Kampong Chhnang,Kampong Tralach,
40505,Kampong Chhnang,Longveaek,
40506,Kampong Chhnang,Ou Ruessei,
40507,Kampong Chhnang,Peani,
40508,Kampong Chhnang,Saeb,
40509,Kampong Chhnang,Ta Ches,
40510,Kampong Chhnang,Thma Edth,
40601,Kampong Chhnang,Andoung Snay,
40602,Kampong Chhnang,Banteay Preal,
40603,Kampong Chhnang,Cheung Kreav,
40604,Kampong Chhnang,Chrey Bak,
40605,Kampong Chhnang,Kouk Banteay,
40606,Kampong Chhnang,Krang Leav,
40607,Kampong Chhnang,Pongro,
40608,Kampong Chhnang,Prasneb,
40609,Kampong Chhnang,Prey Mul,
40610,Kampong Chhnang,Rolea B'ier,
40611,Kampong Chhnang,Srae Thmei,
40612,Kampong Chhnang,Svay Chrum,
40613,Kampong Chhnang,Tuek Hout,
40701,Kampong Chhnang,Chhean Laeung,
40702,Kampong Chhnang,Khnar Chhmar,
40703,Kampong Chhnang,Krang Lvea,
40704,Kampong Chhnang,Peam,
40705,Kampong Chhnang,Sedthei,
40706,Kampong Chhnang,Svay,
40707,Kampong Chhnang,Svay Chuk,
40708,Kampong Chhnang,Tbaeng Khpos,
40709,Kampong Chhnang,Thlok Vien,
40801,Kampong Chhnang,Akphivoadth,
40802,Kampong Chhnang,Chieb,
40803,Kampong Chhnang,Chaong Maong,
40804,Kampong Chhnang,Kbal Tuek,
40805,Kampong Chhnang,Khlong Popok,
40806,Kampong Chhnang,Krang Skear,
40807,Kampong Chhnang,Tang Krasang,
40808,Kampong Chhnang,Toul Khpos,
50101,Kampong Speu,Basedth,
50102,Kampong Speu,Kat Phluk,
50103,Kampong Speu,Nitean,
50104,Kampong Speu,Pheakdei,
50105,Kampong Speu,Pheari Mean Chey,
50106,Kampong Speu,Phong,
50107,Kampong Speu,Pou Angkrang,
50108,Kampong Speu,Pou Chamraeun,
50109,Kampong Speu,Pou Mreal,
50110,Kampong Speu,Svay Chacheb,
50111,Kampong Speu,Toul Ampil,
50112,Kampong Speu,Toul Sala,
50113,Kampong Speu,Kak,
50114,Kampong Speu,Svay Rumpea,
50115,Kampong Speu,Preah Khae,
50201,Kampong Speu,Chbar Mon,
50202,Kampong Speu,Kandaol Dom,
50203,Kampong Speu,Roka Thum,
50204,Kampong Speu,Sopoar Tep,
50205,Kampong Speu,Svay Kravan,
50301,Kampong Speu,Angk Popel,
50302,Kampong Speu,Chongruk,
50303,Kampong Speu,Moha Ruessei,
50304,Kampong Speu,Pechr Muni,
50305,Kampong Speu,Preah Nipean,
50306,Kampong Speu,Prey Nheat,
50307,Kampong Speu,Prey Vihear,
50308,Kampong Speu,Roka Kaoh,
50309,Kampong Speu,Sdok,
50310,Kampong Speu,Snam Krapeu,
50311,Kampong Speu,Srang,
50312,Kampong Speu,Tuek L'ak,
50313,Kampong Speu,Veal,
50401,Kampong Speu,Haong Samnam,
50402,Kampong Speu,Reaksmei Sameakki,
50403,Kampong Speu,Trapeang Chour,
50404,Kampong Speu,Sangkae Satob,
50405,Kampong Speu,Ta Sal,
50501,Kampong Speu,Chant Saen,
50502,Kampong Speu,Cheung Roas,
50503,Kampong Speu,Chumpu Proeks,
50504,Kampong Speu,Khsem Khsan,
50505,Kampong Speu,Krang Chek,
50506,Kampong Speu,Mean Chey,
50507,Kampong Speu,Preah Srae,
50508,Kampong Speu,Prey Krasang,
50509,Kampong Speu,Trach Tong,
50510,Kampong Speu,Veal  Pung,
50511,Kampong Speu,Veang Chas,
50512,Kampong Speu,Yutth Sameakki,
50513,Kampong Speu,Damnak Reang,
50514,Kampong Speu,Peang Lvea,
50515,Kampong Speu,Phnum Touch,
50601,Kampong Speu,Chambak,
50602,Kampong Speu,Choam Sangkae,
50603,Kampong Speu,Dambouk Rung,
50604,Kampong Speu,Kiri Voan,
50605,Kampong Speu,Krang Dei Vay,
50606,Kampong Speu,Moha Sang,
50607,Kampong Speu,Ou,
50608,Kampong Speu,Prey Rumduol,
50609,Kampong Speu,Prey Kmeng,
50610,Kampong Speu,Tang Samraong,
50611,Kampong Speu,Tang Sya,
50612,Kampong Speu,Traeng Trayueng,
50701,Kampong Speu,Roleang Chak,
50702,Kampong Speu,Kahaeng,
50703,Kampong Speu,Khtum Krang,
50704,Kampong Speu,Krang Ampil,
50705,Kampong Speu,Pneay,
50706,Kampong Speu,Roleang Kreul,
50707,Kampong Speu,Samraong Tong,
50708,Kampong Speu,Sambour,
50709,Kampong Speu,Saen Dei,
50710,Kampong Speu,Skuh,
50711,Kampong Speu,Tang Krouch,
50712,Kampong Speu,Thommoda Ar,
50713,Kampong Speu,Trapeang Kong,
50714,Kampong Speu,Tumpoar Meas,
50715,Kampong Speu,Voa Sa,
50801,Kampong Speu,Amleang,
50802,Kampong Speu,Monourom,
50803,Kampong Speu,Yea Angk,
50804,Kampong Speu,Prambei Mom,
50805,Kampong Speu,Rung Roeang,
50806,Kampong Speu,Toap Mean,
50807,Kampong Speu,Veal Pon,
60101,Kampong Thom,Bak Sna,
60102,Kampong Thom,Ballangk,
60103,Kampong Thom,Baray,
60104,Kampong Thom,Boeng,
60105,Kampong Thom,Chaeung Daeung,
60106,Kampong Thom,Chranieng,
60107,Kampong Thom,Chhuk Khsach,
60108,Kampong Thom,Chong Doung,
60109,Kampong Thom,Chrolong,
60110,Kampong Thom,Kokir Thum,
60111,Kampong Thom,Krava,
60112,Kampong Thom,Andoung Pou,
60113,Kampong Thom,Pongro,
60114,Kampong Thom,Sou Young,
60115,Kampong Thom,Sralau,
60116,Kampong Thom,Svay Phleung,
60117,Kampong Thom,Tnaot Chum,
60118,Kampong Thom,Treal,
60201,Kampong Thom,Chey,
60202,Kampong Thom,Damrei Slab,
60203,Kampong Thom,Kampong Kou,
60204,Kampong Thom,Kampong Svay,
60205,Kampong Thom,Ni Pechr,
60206,Kampong Thom,Phat Sanday,
60207,Kampong Thom,San Kor,
60208,Kampong Thom,Tbaeng,
60209,Kampong Thom,Trapeang Ruessei,
60210,Kampong Thom,Kdei Doung,
60211,Kampong Thom,Prey Kuy,
60301,Kampong Thom,Damrei Choan Khla,
60302,Kampong Thom,Kampong Thum,
60303,Kampong Thom,Kampong Roteh,
60304,Kampong Thom,Ou Kanthor,
60305,Kampong Thom,achar Leak,
60306,Kampong Thom,Kampong Krabau,
60307,Kampong Thom,Srayov,
60308,Kampong Thom,Prey Ta Hu,
60401,Kampong Thom,Doung,
60402,Kampong Thom,Kraya1,
60403,Kampong Thom,Phan Nheum,
60404,Kampong Thom,Sa Kream,
60405,Kampong Thom,Sala Visai,
60406,Kampong Thom,Sameakki,
60407,Kampong Thom,Tuol Kreul,
60501,Kampong Thom,Chhuk,
60502,Kampong Thom,Koul,
60503,Kampong Thom,Sambour,
60504,Kampong Thom,Sraeung,
60505,Kampong Thom,Tang Krasau,
60601,Kampong Thom,Chheu Teal,
60602,Kampong Thom,Dang Kambet,
60603,Kampong Thom,Klaeng,
60604,Kampong Thom,Mean Ritth,
60605,Kampong Thom,Mean Chey,
60606,Kampong Thom,Ngan,
60607,Kampong Thom,Sandan,
60608,Kampong Thom,Sochet,
60609,Kampong Thom,Tum Ring,
60701,Kampong Thom,Boeng Lvea,
60702,Kampong Thom,Chroab,
60703,Kampong Thom,Kampong Thma,
60704,Kampong Thom,Kakaoh,
60705,Kampong Thom,Kraya,
60706,Kampong Thom,Pnov,
60707,Kampong Thom,Prasat,
60708,Kampong Thom,Tang Krasang,
60709,Kampong Thom,Ti Pou,
60710,Kampong Thom,Tboung Krapeu,
60801,Kampong Thom,Banteay Stoung,
60802,Kampong Thom,Chamnar Kraom,
60803,Kampong Thom,Chamnar Leu,
60804,Kampong Thom,Kampong Chen Cheung,
60805,Kampong Thom,Kampong Chen Tboung,
60806,Kampong Thom,Msar Krang,
60807,Kampong Thom,Peam Bang,
60808,Kampong Thom,Popok,
60809,Kampong Thom,Pralay,
60810,Kampong Thom,Preah Damrei,
60811,Kampong Thom,Rung Roeang,
60812,Kampong Thom,Samprouch,
60813,Kampong Thom,Trea,
70101,Kampot,Angk Phnum Touch,
70102,Kampot,Angkor Chey,
70103,Kampot,Champei,
70104,Kampot,Dambouk Khpos,
70105,Kampot,Dan Koum,
70106,Kampot,Daeum Doung,
70107,Kampot,Mroum,
70108,Kampot,Phnum Kong,
70109,Kampot,Praphnum,
70110,Kampot,Samlanh,
70111,Kampot,Tani,
70201,Kampot,Banteay Meas Khang Kaeut,
70202,Kampot,Banteay Meas Khang Lech,
70203,Kampot,Prey Tonle,
70204,Kampot,Samraong Kraom,
70205,Kampot,Samraong Leu,
70206,Kampot,Sdach Kong Khang Cheung,
70207,Kampot,Sdach Kong Khang Lech,
70208,Kampot,Sdach Kong Khang Tboung,
70209,Kampot,Tnaot Chong Srang,
70210,Kampot,Trapeang Sala Khang Kaeut,
70211,Kampot,Trapeang Sala Khang Lech,
70212,Kampot,Tuk Meas Khang Kaeut,
70213,Kampot,Tuk Meas Khang Lech,
70214,Kampot,Voat Angk Khang Cheung,
70215,Kampot,Voat Angk Khang Tboung,
70301,Kampot,Baniev,
70302,Kampot,Ta Kaen,
70303,Kampot,Boeng Nimol,
70304,Kampot,Chhuk,
70305,Kampot,Doun Yay,
70306,Kampot,Krang Sbov,
70307,Kampot,Krang Snay,
70308,Kampot,Lbaeuk,
70309,Kampot,Trapeang Plang,
70310,Kampot,Mean Chey,
70311,Kampot,Nareay,
70312,Kampot,Satv Pong,
70313,Kampot,Trapeang Bei,
70314,Kampot,Tramaeng,
70401,Kampot,Chres,
70402,Kampot,Chumpu Voan,
70403,Kampot,Snay Anhchet,
70404,Kampot,Srae Chaeng,
70405,Kampot,Srae Knong,
70406,Kampot,Srae Samraong,
70407,Kampot,Trapeang Reang,
70501,Kampot,Damnak Sokram,
70502,Kampot,Dang Tong,
70503,Kampot,Khcheay Khang Cheung,
70504,Kampot,Khcheay Khang Tboung,
70505,Kampot,Mean Ritth,
70506,Kampot,Srae Chea Khang Cheung,
70507,Kampot,Srae Chea Khang Tboung,
70508,Kampot,Totung,
70509,Kampot,Angkor Meas,
70510,Kampot,L'ang,
70601,Kampot,Boeng Sala Khang Cheung,
70602,Kampot,Boeng Sala Khang Tboung,
70603,Kampot,Damnak Kantuot Khang Cheung,
70604,Kampot,Damnak Kantuot Khang Tboung,
70605,Kampot,Kampong Trach Khang Kaeut,
70606,Kampot,Kampong Trach Khang Lech,
70607,Kampot,Kanthaor Khang Cheung,
70608,Kampot,Kanthaor Khang kaeut,
70609,Kampot,Kanthaor Khang Lech,
70610,Kampot,Svay Tong Khang Cheung,
70611,Kampot,Svay Tong Khang Tboung,
70612,Kampot,Preaek Kroes,
70613,Kampot,Ruessei srok Khang Kaeut,
70614,Kampot,Ruessei Srok Khang Lech,
70701,Kampot,Boeng Tuk,
70702,Kampot,Chum Kriel,
70703,Kampot,Kampong Kraeng,
70704,Kampot,Kampong Samraong,
70705,Kampot,Kandal,
70706,Kampot,Trapeang Pring,
70707,Kampot,Kaoh Touch,
70708,Kampot,Koun Satv,
70709,Kampot,Meakprang,
70710,Kampot,Trapeang sangkae,
70711,Kampot,Preaek Tnaot,
70712,Kampot,Prey Khmum,
70713,Kampot,Prey Thnang,
70714,Kampot,Trapeang Thum,
70715,Kampot,Stueng Kaev,
70716,Kampot,Thmei,
70801,Kampot,Kampong Kandal,
70802,Kampot,Krang Ampil,
70803,Kampot,Kampong Bay,
70804,Kampot,Andoung Khmaer,
70805,Kampot,Traeuy Kaoh,
80101,Kandal,Ampov Prey,
80102,Kandal,Anlong Romiet,
80103,Kandal,Barku,
80104,Kandal,Boeng Khyang,
80105,Kandal,Cheung Kaeub,
80106,Kandal,Daeum Rues,
80107,Kandal,Kandaok,
80108,Kandal,Thmei,
80109,Kandal,Kouk Trab,
80110,Kandal,Kong Noy,
80111,Kandal,Spean Thma,
80112,Kandal,Tbaeng,
80113,Kandal,Preah Putth,
80114,Kandal,Preaek Kampis,
80115,Kandal,Preaek Roka,
80116,Kandal,Preaek Slaeng,
80117,Kandal,Roka,
80118,Kandal,Roleang Kaen,
80119,Kandal,Roluos,
80120,Kandal,Tien,
80121,Kandal,Trapeang Veaeng,
80122,Kandal,Siem Reab,
80123,Kandal,Trea,
80201,Kandal,Banteay Daek,
80202,Kandal,Chheu Teal,
80203,Kandal,Dei Edth,
80204,Kandal,Kampong Svay,
80205,Kandal,Kbal Kaoh,
80206,Kandal,Kokir,
80207,Kandal,Kokir Thum,
80208,Kandal,Phum Thum1,
80209,Kandal,Preaek Aeng,
80210,Kandal,Preaek Thmei1,
80211,Kandal,Samraong Thum,
80212,Kandal,Veal Sbov,
80301,Kandal,Bak Dav,
80302,Kandal,Chey Thum,
80303,Kandal,Kampong Chamlang,
80304,Kandal,Kaoh Chouram,
80305,Kandal,Kaoh Oknha Tei,
80306,Kandal,Preah Prasab,
80307,Kandal,Preaek Ampil,
80308,Kandal,Preaek Luong,
80309,Kandal,Preaek Ta Kov,
80310,Kandal,Preaek Ta Meak,
80311,Kandal,Puk Ruessei,
80312,Kandal,Roka Chonlueng,
80313,Kandal,Sanlung,
80314,Kandal,Sithor,
80315,Kandal,Svay Chrum,
80316,Kandal,Svay Romiet,
80317,Kandal,Ta Aek,
80318,Kandal,Vihear Suork,
80401,Kandal,Chheu Khmau,
80402,Kandal,Chrouy Ta Kaev,
80403,Kandal,Kampong Kong,
80404,Kandal,Kaoh Thum Ka,
80405,Kandal,Kaoh Thum Kha,
80406,Kandal,Sampov Lun,
80407,Kandal,Leuk Daek,
80408,Kandal,Pouthi Ban,
80409,Kandal,Preaek Chrey,
80410,Kandal,Preaek Sdei,
80411,Kandal,Preaek Thmei,
80501,Kandal,Kampong Phnum,
80502,Kandal,K'am Samnar,
80503,Kandal,Khpob ateav,
80504,Kandal,Peam Reang,
80505,Kandal,Preaek Dach,
80506,Kandal,Preaek Tonloab,
80507,Kandal,Sandar,
80601,Kandal,Akreiy Ksatr,
80602,Kandal,Barong,
80603,Kandal,Boeng Krum,
80604,Kandal,Kaoh Kaev,
80605,Kandal,Kaoh Reah,
80606,Kandal,Lvea Sa,
80607,Kandal,Peam Oknha Ong,
80608,Kandal,Phum Thum,
80609,Kandal,Preaek Kmeng,
80610,Kandal,Preaek Rey,
80611,Kandal,Preaek Ruessei1,
80612,Kandal,Sambuor,
80613,Kandal,Sarikakaev,
80614,Kandal,Thma Kor,
80615,Kandal,Tuek Khleang,
80701,Kandal,Bak Khaeng,
80702,Kandal,Kaoh Dach,
80703,Kandal,Preaek Anhchanh,
80704,Kandal,Preaek Dambang,
80705,Kandal,Sambuor Meas,
80706,Kandal,Svay Ampear,
80707,Kandal,Roka Kaong Muoy,
80708,Kandal,Roka Kaong Pir,
80709,Kandal,Ruessei Chrouy,
80801,Kandal,Baek Chan,
80802,Kandal,Boeng Thum,
80803,Kandal,Chhak Chheu Neang,
80804,Kandal,Damnak Ampil,
80805,Kandal,Kamboul,
80806,Kandal,Kantaok,
80807,Kandal,Krang Mkak,
80808,Kandal,Lumhach,
80809,Kandal,Mkak,
80810,Kandal,Ovlaok,
80811,Kandal,Peuk,
80812,Kandal,Ponsang,
80813,Kandal,Prey Puok,
80814,Kandal,Samraong Leu,
80815,Kandal,Snao,
80816,Kandal,Tuol Prech,
80901,Kandal,Chhveang,
80902,Kandal,Chrey Loas,
80903,Kandal,Kampong Luong,
80904,Kandal,Kampong Os,
80905,Kandal,Kaoh Chen,
80906,Kandal,Phnum Bat,
80907,Kandal,Ponhea Lueu,
80908,Kandal,Ponhea Pon,
80909,Kandal,Preaek Pnov,
80910,Kandal,Preaek Ta Teaen,
80911,Kandal,Phsar Daek,
80912,Kandal,Samraong,
80913,Kandal,Tumnob Thum,
80914,Kandal,Vihear Luong,
81001,Kandal,Khpob,
81002,Kandal,Kaoh Anlong Chen,
81003,Kandal,Kaoh Khael,
81004,Kandal,Kaoh Khsach Tonlea,
81005,Kandal,Krang Yov,
81006,Kandal,Prasat,
81007,Kandal,Preaek Ambel,
81008,Kandal,Preaek Koy,
81009,Kandal,Roka Khpos,
81010,Kandal,S'ang Phnum,
81011,Kandal,Setbou,
81012,Kandal,Svay Prateal,
81013,Kandal,Svay Rolum,
81014,Kandal,Ta Lon,
81015,Kandal,Traeuy Sla,
81016,Kandal,Tuek Vil,
81101,Kandal,Ta Kdol,
81102,Kandal,Preaek Ruessei,
81103,Kandal,Daeum Mien,
81104,Kandal,Ta Khmau,
81105,Kandal,Preaek Hour,
81106,Kandal,Kampong Samnanh,
90101,Koh Kong,Andoung Tuek,
90102,Koh Kong,Kandaol,
90103,Koh Kong,Ta Nuon,
90104,Koh Kong,Thma Sa,
90201,Koh Kong,Kaoh Sdach,
90202,Koh Kong,Phnhi Meas,
90203,Koh Kong,Preaek Khsach,
90301,Koh Kong,Chrouy Pras,
90302,Koh Kong,Kaoh Kapi,
90303,Koh Kong,Ta Tai Kraom,
90304,Koh Kong,Trapeang Rung,
90401,Koh Kong,Smach Mean Chey,
90402,Koh Kong,Dang Tong,
90403,Koh Kong,Stueng Veaeng,
90501,Koh Kong,Bak Khlang,
90502,Koh Kong,Peam Krasaob,
90503,Koh Kong,Tuol Kokir Leu,
90601,Koh Kong,Boeng Preav,
90602,Koh Kong,Chi Kha Kraom,
90603,Koh Kong,Chi Kha Leu,
90604,Koh Kong,Chrouy Svay,
90605,Koh Kong,Dang Peaeng,
90606,Koh Kong,Srae Ambel,
90701,Koh Kong,Ta Tey Leu,
90702,Koh Kong,Pralay,
90703,Koh Kong,Chumnoab,
90704,Koh Kong,Ruessei Chrum,
90705,Koh Kong,Chi Phat,
90706,Koh Kong,Thmor Donpove,
100101,Kracheh,Chhloung,
100102,Kracheh,Damrei Phong,
100103,Kracheh,Han Chey,
100104,Kracheh,Kampong Damrei,
100105,Kracheh,Kanhchor,
100106,Kracheh,Khsach Andaet,
100107,Kracheh,Pongro,
100108,Kracheh,Preaek Saman,
100201,Kracheh,Bos Leav,
100202,Kracheh,Changkrang,
100203,Kracheh,Dar,
100204,Kracheh,Kantuot,
100205,Kracheh,Kou Loab,
100206,Kracheh,Kaoh Chraeng,
100207,Kracheh,Sambok,
100208,Kracheh,Thma Andaeuk,
100209,Kracheh,Thma Kreae,
100210,Kracheh,Thmei,
100301,Kracheh,Chambak,
100302,Kracheh,Chrouy Banteay,
100303,Kracheh,Kampong Kor,
100304,Kracheh,Kaoh Ta Suy,
100305,Kracheh,Preaek Prasab,
100306,Kracheh,Ruessei Kaev,
100307,Kracheh,Saob,
100308,Kracheh,Ta Mau,
100401,Kracheh,Boeng Char,
100402,Kracheh,Kampong Cham,
100403,Kracheh,Kbal Damrei,
100404,Kracheh,Kaoh Khnhaer,
100405,Kracheh,Ou Krieng,
100406,Kracheh,Roluos Mean Chey,
100407,Kracheh,Sambour,
100408,Kracheh,Sandan,
100409,Kracheh,Srae Chis,
100410,Kracheh,Voadthonak,
100501,Kracheh,Khsuem,
100502,Kracheh,Pir Thnu,
100503,Kracheh,Snuol,
100504,Kracheh,Srae Char,
100505,Kracheh,Svay Chreah,
100601,Kracheh,Krakor,
100602,Kracheh,Kracheh,
100603,Kracheh,Roka Kandal,
100604,Kracheh,Ou Ruessei,
100605,Kracheh,Kaoh Trong,
110101,Mondul Kiri,Chong Phlah,
110102,Mondul Kiri,Me Mang,
110103,Mondul Kiri,Srae Chhuk,
110104,Mondul Kiri,Srae Khtum,
110105,Mondul Kiri,Srae Preah,
110201,Mondul Kiri,Nang Khi Loek,
110202,Mondul Kiri,Ou Buon Leu,
110203,Mondul Kiri,Roya,
110204,Mondul Kiri,Sokh Sant,
110205,Mondul Kiri,Srae Huy,
110206,Mondul Kiri,Srae Sangkom,
110301,Mondul Kiri,Dak Dam,
110302,Mondul Kiri,Saen Monourom,
110401,Mondul Kiri,Krang Teh,
110402,Mondul Kiri,Bu Chri,
110403,Mondul Kiri,Srae Ampum,
110404,Mondul Kiri,Bu Sra,
110501,Mondul Kiri,Monourom,
110502,Mondul Kiri,Sokh Dom,
110503,Mondul Kiri,Spean Mean Chey,
110504,Mondul Kiri,Romonea,
120101,Phnom Penh,Tonle Basak,
120102,Phnom Penh,Boeng Keng Kang Muoy,
120103,Phnom Penh,Boeng Keng Kang Pir,
120104,Phnom Penh,Boeng Keng kang Bei,
120105,Phnom Penh,Oulampik,
120106,Phnom Penh,Tuol Svay Prey Muoy,
120107,Phnom Penh,Tuol Svay Prey Pir,
120108,Phnom Penh,Tumnob Tuek,
120109,Phnom Penh,Tuol Tumpung Pir,
120110,Phnom Penh,Tuol Tumpung Muoy,
120111,Phnom Penh,Boeng Trabaek,
120112,Phnom Penh,Phsar Daeum Thkov,
120201,Phnom Penh,Phsar Thmei Muoy,
120202,Phnom Penh,Phsar Thmei Pir,
120203,Phnom Penh,Phsar Thmei Bei,
120204,Phnom Penh,Boeng Reang,
120205,Phnom Penh,Phsar Kandal Muoy,
120206,Phnom Penh,Phsar Kandal Pir,
120207,Phnom Penh,Chakto Mukh,
120208,Phnom Penh,Chey Chumneah,
120209,Phnom Penh,Phsar Chas,
120210,Phnom Penh,Srah Chak,
120211,Phnom Penh,Voat Phnum,
120301,Phnom Penh,Ou Ruessei Muoy,
120302,Phnom Penh,Ou Ruessei Pir,
120303,Phnom Penh,Ou Ruessei Bei,
120304,Phnom Penh,Ou Ruessei Buon,
120305,Phnom Penh,Monourom,
120306,Phnom Penh,Mittakpheap,
120307,Phnom Penh,Veal Vong,
120308,Phnom Penh,Boeng Prolit,
120401,Phnom Penh,Phsar Depou Muoy,
120402,Phnom Penh,Phsar Depou Pir,
120403,Phnom Penh,Phsar Depou Bei,
120404,Phnom Penh,Tuek L'ak Muoy,
120405,Phnom Penh,Tuek L'ak Pir,
120406,Phnom Penh,Tuek L'ak Bei,
120407,Phnom Penh,Boeng Kak Muoy,
120408,Phnom Penh,Boeng Kak Pir,
120409,Phnom Penh,Phsar Daeum Kor,
120410,Phnom Penh,Boeng Salang,
120501,Phnom Penh,Dangkao,
120502,Phnom Penh,Trapeang krasang,
120503,Phnom Penh,Kouk Roka,
120504,Phnom Penh,Phleung Chheh Roteh,
120505,Phnom Penh,Chaom Chau,
120506,Phnom Penh,Kakab,
120507,Phnom Penh,Pong Tuek,
120508,Phnom Penh,Prey Veaeng,
120509,Phnom Penh,Samraong Kraom,
120510,Phnom Penh,Prey Sa,
120511,Phnom Penh,Krang Thnong,
120512,Phnom Penh,Krang Pongro,
120513,Phnom Penh,Prateah Lang,
120514,Phnom Penh,Sak Sampov,
120515,Phnom Penh,Cheung Aek,
120601,Phnom Penh,Stueng Mean Chey,
120602,Phnom Penh,Boeng Tumpun,
120603,Phnom Penh,Preaek Pra,
120604,Phnom Penh,Chbar Ampov Muoy,
120605,Phnom Penh,Chbar Ampov Pir,
120606,Phnom Penh,Chak Angrae Leu,
120607,Phnom Penh,Chak Angrae Kraom,
120608,Phnom Penh,Nirouth,
120701,Phnom Penh,Chrouy Changva,
120702,Phnom Penh,Tuol Sangkae,
120703,Phnom Penh,Svay Pak,
120704,Phnom Penh,Kiloumaetr Lekh Prammuoy,
120705,Phnom Penh,Chrang Chamreh Muoy,
120706,Phnom Penh,Ruessei Kaev,
120707,Phnom Penh,Chrang Chamreh Pir,
120708,Phnom Penh,Preaek Lieb,
120709,Phnom Penh,Preaek Ta Sek,
120801,Phnom Penh,Phnom Penh Thmei,
120802,Phnom Penh,Tuek Thla,
120803,Phnom Penh,Khmuonh,
130101,Preah Vihear,S'ang,
130102,Preah Vihear,Tasu,
130103,Preah Vihear,Khyang,
130104,Preah Vihear,Chrach,
130105,Preah Vihear,Yhmea,
130106,Preah Vihear,Putrea,
130201,Preah Vihear,Chhaeb Muoy,
130202,Preah Vihear,Chhaeb Pir,
130203,Preah Vihear,Sangkae Muoy,
130204,Preah Vihear,Sangkae Pir,
130205,Preah Vihear,Mlu Prey Muoy,
130206,Preah Vihear,Mlu Prey Pir,
130207,Preah Vihear,Kampong Sralau Muoy,
130208,Preah Vihear,Kampong Sralau Pir,
130301,Preah Vihear,Choam Ksant,
130302,Preah Vihear,Tuek Kraham,
130303,Preah Vihear,Pring Thum,
130304,Preah Vihear,Rumdaoh Srae,
130305,Preah Vihear,Yeang,
130306,Preah Vihear,Kantuot,
130401,Preah Vihear,Kuleaen Tboung,
130402,Preah Vihear,Kuleaen Cheung,
130403,Preah Vihear,Thmei,
130404,Preah Vihear,Phnum Penh,
130405,Preah Vihear,Phnum Tbaeng Pir,
130406,Preah Vihear,Srayang,
130501,Preah Vihear,Robieb,
130502,Preah Vihear,Reaksmei,
130503,Preah Vihear,Rohas,
130504,Preah Vihear,Rung Roeang,
130505,Preah Vihear,Rik Reay,
130506,Preah Vihear,Ruos Roan,
130507,Preah Vihear,Rotanak,
130508,Preah Vihear,Rieb Roy,
130509,Preah Vihear,Reaksa,
130510,Preah Vihear,Rumdaoh,
130511,Preah Vihear,Romtom,
130512,Preah Vihear,Romoniy,
130601,Preah Vihear,Chamraeun,
130602,Preah Vihear,Ro'ang,
130603,Preah Vihear,Phnum Tbaeng Muoy,
130604,Preah Vihear,Sdau,
130605,Preah Vihear,Ronak Ser,
130701,Preah Vihear,Prame,
130702,Preah Vihear,Preah Khleang,
130703,Preah Vihear,Chhean Mukh,
130704,Preah Vihear,Pou,
130801,Preah Vihear,Kampong Pranak,
130802,Preah Vihear,Pal Hal,
140101,Prey Veng,Boeng Preah,
140102,Prey Veng,Cheung Phnum,
140103,Prey Veng,Chheu Kach,
140104,Prey Veng,Reaks Chey,
140105,Prey Veng,Roung Damrei,
140106,Prey Veng,Sdau Kaong,
140107,Prey Veng,Spueu Ka,
140108,Prey Veng,Spueu Kha,
140109,Prey Veng,Theay,
140201,Prey Veng,Cheach,
140202,Prey Veng,Doun Koeng,
140203,Prey Veng,Kranhung,
140204,Prey Veng,Krabau,
140205,Prey Veng,Seang Khveang,
140206,Prey Veng,Smaong Cheung,
140207,Prey Veng,Smaong Tboung,
140208,Prey Veng,Trâbêk,
140301,Prey Veng,Ansaong,
140302,Prey Veng,Cham,
140303,Prey Veng,Cheang Daek,
140304,Prey Veng,Chrey1,
140305,Prey Veng,Kansaom Ak,
140306,Prey Veng,Kou Khchak,
140307,Prey Veng,Kampong Trabaek,
140308,Prey Veng,Peam Montear,
140309,Prey Veng,Prasat,
140310,Prey Veng,Pratheat,
140311,Prey Veng,Prey Chhor,
140312,Prey Veng,Prey Poun,
140313,Prey Veng,Thkov,
140401,Prey Veng,Chong Ampil,
140402,Prey Veng,Kanhchriech,
140403,Prey Veng,Kdoeang Reay,
140404,Prey Veng,Kouk Kong Kaeut,
140405,Prey Veng,Kouk Kong Lech,
140406,Prey Veng,Preal,
140407,Prey Veng,Thma Pun,
140408,Prey Veng,Tnaot,
140501,Prey Veng,Angkor Sar,
140502,Prey Veng,Chres,
140503,Prey Veng,Chi Phok,
140504,Prey Veng,Prey Khnes,
140505,Prey Veng,Prey Rumdeng,
140506,Prey Veng,Prey Totueng,
140507,Prey Veng,Svay Chrum,
140508,Prey Veng,Trapeang Srae,
140601,Prey Veng,Angkor Angk,
140602,Prey Veng,Kampong Prasat,
140603,Prey Veng,Kaoh Chek,
140604,Prey Veng,Kaoh Roka,
140605,Prey Veng,Kaoh Sampov,
140606,Prey Veng,Krang Ta Yang,
140607,Prey Veng,Preaek Krabau,
140608,Prey Veng,Preaek Sambuor,
140609,Prey Veng,Ruessei Srok,
140610,Prey Veng,Svay Phluoh,
140701,Prey Veng,Ba Baong,
140702,Prey Veng,Banlich Prasat,
140703,Prey Veng,Neak Loeang,
140704,Prey Veng,Peam Mean Chey,
140705,Prey Veng,Peam Ro,
140706,Prey Veng,Preaek Khsay Ka,
140707,Prey Veng,Preaek Khsay Kha,
140708,Prey Veng,Prey Kandieng,
140801,Prey Veng,Kampong Popil,
140802,Prey Veng,Kanhcham,
140803,Prey Veng,Kampong Prang,
140804,Prey Veng,Kampong Ruessei,
140805,Prey Veng,Mesa Prachan,
140806,Prey Veng,Preaek Ta Sar,
140807,Prey Veng,Prey Pnov,
140808,Prey Veng,Prey Sniet,
140809,Prey Veng,Prey Sralet,
140810,Prey Veng,Reab,
140811,Prey Veng,Roka,
140901,Prey Veng,Angkor Reach,
140902,Prey Veng,Banteay Chakrei,
140903,Prey Veng,Boeng Daol,
140904,Prey Veng,Chey Kampok,
140905,Prey Veng,Kampong Soeng,
140906,Prey Veng,Krang Svay,
140907,Prey Veng,Lvea,
140908,Prey Veng,Preah Sdach,
140909,Prey Veng,Reathor,
140910,Prey Veng,Rumchek,
140911,Prey Veng,Seena Reach Otdam,
141001,Prey Veng,Angkor Tret,
141002,Prey Veng,Chea Khlang,
141003,Prey Veng,Chrey,
141004,Prey Veng,Damrei Puon,
141005,Prey Veng,Me Bon,
141006,Prey Veng,Pean Roung,
141007,Prey Veng,Popueus,
141008,Prey Veng,Prey Khla,
141009,Prey Veng,Samraong,
141010,Prey Veng,Svay Antor,
141011,Prey Veng,Tuek Thla,
141101,Prey Veng,Preaek Chrey,
141102,Prey Veng,Prey Kanlaong,
141103,Prey Veng,Ta Kao,
141104,Prey Veng,Pou Rieng,
141105,Prey Veng,Preaek Anteah,
141201,Prey Veng,Ampil Krau,
141202,Prey Veng,Chrey Khmum,
141203,Prey Veng,Lve,
141204,Prey Veng,Pnov Ti Muoy,
141205,Prey Veng,Pnov Ti Pir,
141206,Prey Veng,Pou Ti,
141207,Prey Veng,Preaek Changkran,
141208,Prey Veng,Prey Daeum Thnoeng,
141209,Prey Veng,Prey Tueng,
141210,Prey Veng,Rumlech,
141211,Prey Veng,Ruessei Sanh,
141301,Prey Veng,Baray,
141302,Prey Veng,Cheung Tuek,
141303,Prey Veng,Kampong Leav,
150101,Pursat,Boeng Bat Kandaol,
150102,Pursat,Boeng Khnar,
150103,Pursat,Khnar Totueng,
150104,Pursat,Me Tuek,
150105,Pursat,Ou Ta Paong,
150106,Pursat,Rumlech,
150107,Pursat,Snam Preah,
150108,Pursat,Svay Doun Kaev,
150109,Pursat,Ta Lou,
150110,Pursat,Trapeang Chong,
150201,Pursat,Anlong Vil,
150202,Pursat,Kaoh Chum,
150203,Pursat,Kandieng,
150204,Pursat,Kanhchor,
150205,Pursat,Reang Til,
150206,Pursat,Srae Sdok,
150207,Pursat,Svay Luong,
150208,Pursat,Sya,
150209,Pursat,Veal,
150301,Pursat,Anlong Tnaot,
150302,Pursat,Ansa Chambak,
150303,Pursat,Boeng Kantuot,
150304,Pursat,Chheu Tom,
150305,Pursat,Kampong Luong,
150306,Pursat,Kampong Pou,
150307,Pursat,Kbal Trach,
150308,Pursat,Ou Sandan,
150309,Pursat,Sna Ansa,
150310,Pursat,Svay Sa,
150311,Pursat,Tnaot Chum,
150401,Pursat,Bak Chenhchien,
150402,Pursat,Leach,
150403,Pursat,Phteah Rung,
150404,Pursat,Prongil,
150405,Pursat,Rokat,
150406,Pursat,Santreae,
150407,Pursat,Samraong,
150501,Pursat,Chamraeun Phal,
150502,Pursat,Banteay Dei,
150503,Pursat,Lolok Sa,
150504,Pursat,Phteah Prey,
150505,Pursat,Prey Nhi,
150506,Pursat,Roleab,
150507,Pursat,Svay at,
150601,Pursat,Ou Saom,
150602,Pursat,Krapeu Pir,
150603,Pursat,Anlong Reab,
150604,Pursat,Pramaoy,
150605,Pursat,Thma Da,
160101,Ratanak Kiri,Malik,
160103,Ratanak Kiri,Nhang,
160104,Ratanak Kiri,Ta Lav,
160201,Ratanak Kiri,Kachanh,
160202,Ratanak Kiri,Labansiek,
160203,Ratanak Kiri,Yeak Laom,
160301,Ratanak Kiri,Kak,
160302,Ratanak Kiri,Ke Chong,
160303,Ratanak Kiri,La minh,
160304,Ratanak Kiri,Lung Khung,
160305,Ratanak Kiri,Seung,
160306,Ratanak Kiri,Ting Chak,
160401,Ratanak Kiri,Serei Mongkol,
160402,Ratanak Kiri,Srae Angkrong,
160403,Ratanak Kiri,Ta Ang,
160404,Ratanak Kiri,Toen,
160405,Ratanak Kiri,Trapeang Chres,
160406,Ratanak Kiri,Trapeang Kraham,
160501,Ratanak Kiri,Chey Otdam,
160502,Ratanak Kiri,Ka Laeng,
160503,Ratanak Kiri,La Bang Muoy,
160504,Ratanak Kiri,La Bang Pir,
160505,Ratanak Kiri,Pa Tang,
160506,Ratanak Kiri,Seda,
160601,Ratanak Kiri,Cha Ung,
160602,Ratanak Kiri,Chan,
160603,Ratanak Kiri,Aekakpheap,
160604,Ratanak Kiri,Kalai,
160605,Ratanak Kiri,Ou Chum,
160606,Ratanak Kiri,Sameakki,
160607,Ratanak Kiri,L'ak,
160701,Ratanak Kiri,Bar Kham,
160702,Ratanak Kiri,Lum Choar,
160703,Ratanak Kiri,Pak Nhai,
160704,Ratanak Kiri,Pate,
160705,Ratanak Kiri,Sesant,
160706,Ratanak Kiri,Saom Thum,
160707,Ratanak Kiri,Ya Tung,
160801,Ratanak Kiri,Ta Veaeng Leu,
160802,Ratanak Kiri,Ta Veaeng Kraom,
160901,Ratanak Kiri,Ban Pong,
160903,Ratanak Kiri,Hat Pak,
160904,Ratanak Kiri,Ka Choun,
160905,Ratanak Kiri,Kaoh Pang,
160906,Ratanak Kiri,Kaoh Peak,
160907,Ratanak Kiri,Kok Lak,
160908,Ratanak Kiri,Pa Kalan,
160909,Ratanak Kiri,Phnum Kok,
160910,Ratanak Kiri,Veun Sai,
170101,Siem Reap,Char Chhuk,
170102,Siem Reap,Doun  Peaeng,
170103,Siem Reap,Kouk Doung,
170104,Siem Reap,Koul,
170105,Siem Reap,Nokor Pheas,
170106,Siem Reap,Srae Khvav,
170107,Siem Reap,Ta Saom,
170201,Siem Reap,Chob Ta Trav,
170202,Siem Reap,Leang Dai,
170203,Siem Reap,Peak Snaeng,
170204,Siem Reap,Svay Chek,
170301,Siem Reap,Khnar Sanday,
170302,Siem Reap,Khun Ream,
170303,Siem Reap,Preak Dak,
170304,Siem Reap,Rumchek,
170305,Siem Reap,Run Ta Aek,
170306,Siem Reap,Tbaeng,
170401,Siem Reap,Anlong Samnar,
170402,Siem Reap,Chi Kraeng,
170403,Siem Reap,Kampong Kdei,
170404,Siem Reap,Khvav,
170405,Siem Reap,Kouk Thlok Kraom,
170406,Siem Reap,Kouk Thlok Leu,
170407,Siem Reap,Lveaeng Ruessei,
170408,Siem Reap,Pongro Kraom,
170409,Siem Reap,Pongro Leu,
170410,Siem Reap,Ruessei Lok,
170411,Siem Reap,Sangvaeuy,
170412,Siem Reap,Spean Tnaot,
170601,Siem Reap,Chonloas Dai,
170602,Siem Reap,Kampong Thkov,
170603,Siem Reap,Kralanh,
170604,Siem Reap,Krouch Kor,
170605,Siem Reap,Roung Kou,
170606,Siem Reap,Sambuor1,
170607,Siem Reap,Saen Sokh,
170608,Siem Reap,Snuol,
170609,Siem Reap,Sranal,
170610,Siem Reap,Ta an,
170701,Siem Reap,Sasar Sdam,
170702,Siem Reap,Doun Kaev,
170703,Siem Reap,Kdei Run,
170704,Siem Reap,Kaev Poar,
170705,Siem Reap,Khnat,
170706,Siem Reap,Trei Nhoar,
170707,Siem Reap,Lvea,
170708,Siem Reap,Mukh Paen,
170709,Siem Reap,Pou Treay,
170710,Siem Reap,Puok,
170711,Siem Reap,Prey Chruk,
170712,Siem Reap,Reul,
170713,Siem Reap,Samraong Yea,
170714,Siem Reap,Yeang,
170901,Siem Reap,Trapeang Thum,
170902,Siem Reap,Bakong,
170903,Siem Reap,Ballangk,
170904,Siem Reap,Kampong Phluk,
170905,Siem Reap,Kantreang,
170906,Siem Reap,Kandaek,
170907,Siem Reap,Mean Chey,
170908,Siem Reap,Roluos,
171001,Siem Reap,Sla Kram,
171002,Siem Reap,Svay Dangkum,
171003,Siem Reap,Kouk Chak,
171004,Siem Reap,Sala Kamraeuk,
171005,Siem Reap,Nokor Thum,
171006,Siem Reap,Chreav,
171007,Siem Reap,Chong Khnies,
171008,Siem Reap,Sambuor,
171009,Siem Reap,Siem Reab,
171010,Siem Reap,Srangae,
171011,Siem Reap,Tuek Vil,
171012,Siem Reap,Krabei Riel,
171013,Siem Reap,Ampil,
171101,Siem Reap,Chan Sar,
171102,Siem Reap,Dam Daek,
171103,Siem Reap,Dan Run,
171104,Siem Reap,Kampong Khleang,
171105,Siem Reap,Kien Sangkae,
171106,Siem Reap,Khchas,
171107,Siem Reap,Khnar Pou,
171108,Siem Reap,Popel,
171109,Siem Reap,Samraong,
171110,Siem Reap,Ta Yaek,
171201,Siem Reap,Chrouy Neang Nguon,
171202,Siem Reap,Klang Hay,
171203,Siem Reap,Tram Sasar,
171204,Siem Reap,Moung,
171205,Siem Reap,Prei,
171206,Siem Reap,Slaeng Spean,
171301,Siem Reap,Boeng Mealea,
171302,Siem Reap,Kantuot,
171303,Siem Reap,Khnang Phnum,
171304,Siem Reap,Svay Leu,
171305,Siem Reap,Ta Siem,
171401,Siem Reap,Prasat,
171402,Siem Reap,Lvea Krang,
171403,Siem Reap,Srae Nouy,
171404,Siem Reap,Svay sa,
171405,Siem Reap,Varin,
180101,Preah Sihanouk,Sangkat lek Muoy,
180102,Preah Sihanouk,Sangkat lek Pi,
180103,Preah Sihanouk,Sangkat lek Bei,
180104,Preah Sihanouk,Sangkat lek Buon,
180105,Preah Sihanouk,Kaoh Rung,
180201,Preah Sihanouk,Andoung Thma,
180202,Preah Sihanouk,Boeng Ta Prum,
180203,Preah Sihanouk,Bet Trang,
180204,Preah Sihanouk,Cheung Kou,
180205,Preah Sihanouk,Ou Chrov,
180206,Preah Sihanouk,Ou Oknha Heng,
180207,Preah Sihanouk,Prey Nob,
180208,Preah Sihanouk,Ream,
180209,Preah Sihanouk,Sameakki,
180210,Preah Sihanouk,Samrong,
180211,Preah Sihanouk,Tuek L'ak,
180212,Preah Sihanouk,Tuek Thla,
180213,Preah Sihanouk,Tuol Toetueng,
180214,Preah Sihanouk,Veal Renh,
180301,Preah Sihanouk,Kampenh,
180302,Preah Sihanouk,Ou Treh,
180303,Preah Sihanouk,Tumnob Rolok,
180401,Preah Sihanouk,Chamkar Luong,
180402,Preah Sihanouk,Kampong Seila,
180403,Preah Sihanouk,Ou Bak Roteh,
180404,Preah Sihanouk,Stueng Chhay,
190101,Stung Treng,Kampun,
190102,Stung Treng,Kbal Romeas,
190103,Stung Treng,Phluk,
190104,Stung Treng,Samkhuoy,
190105,Stung Treng,Sdau,
190106,Stung Treng,Srae Kor,
190107,Stung Treng,Ta Lat,
190201,Stung Treng,Kaoh Preah,
190202,Stung Treng,Kaoh Sampeay,
190203,Stung Treng,Kaoh Sralay,
190204,Stung Treng,Ou Mreah,
190205,Stung Treng,Ou Ruessei Kandal,
190206,Stung Treng,Siem Bouk,
190207,Stung Treng,Srae Krasang,
190301,Stung Treng,Preaek Meas,
190302,Stung Treng,Sekong,
190303,Stung Treng,Santepheap,
190304,Stung Treng,Srae Sambour,
190305,Stung Treng,Thma Kaev,
190401,Stung Treng,Stueng Traeng,
190402,Stung Treng,Sarh Ruessei,
190403,Stung Treng,Preah Bat,
190404,Stung Treng,Sameakki,
190501,Stung Treng,Anlong Phe,
190502,Stung Treng,Chamkar Leu,
190503,Stung Treng,Kang Cham,
190504,Stung Treng,Kaoh Snaeng,
190505,Stung Treng,Anlong Chrey,
190506,Stung Treng,Ou Rai,
190507,Stung Treng,Ou Svay,
190508,Stung Treng,Preah Rumkel,
190509,Stung Treng,Sam'ang,
190510,Stung Treng,Srae Ruessei,
190511,Stung Treng,Thala Borivath,
200101,Svay Rieng,Prey Kokir,
200102,Svay Rieng,Samraong,
200103,Svay Rieng,Chantrea,
200104,Svay Rieng,Chres,
200105,Svay Rieng,Me Sa Thngak,
200106,Svay Rieng,Tuol Sdei,
200201,Svay Rieng,Banteay Krang,
200202,Svay Rieng,Nhor,
200203,Svay Rieng,Ksetr,
200204,Svay Rieng,Preah Ponlea,
200205,Svay Rieng,Prey Thum,
200206,Svay Rieng,Reach Montir,
200207,Svay Rieng,Samlei,
200208,Svay Rieng,Samyaong,
200209,Svay Rieng,Svay Ta Yean,
200210,Svay Rieng,Tnaot,
200211,Svay Rieng,Thmei,
200301,Svay Rieng,Bos Mon,
200302,Svay Rieng,Thmea,
200303,Svay Rieng,Kompong Chak,
200304,Svay Rieng,Chrung Popel,
200305,Svay Rieng,Kampong Ampil,
200306,Svay Rieng,Meun Chey,
200307,Svay Rieng,Pong Tuek,
200308,Svay Rieng,Sangkae,
200309,Svay Rieng,Svay Chek,
200310,Svay Rieng,Thna Thnong,
200401,Svay Rieng,Ampil,
200402,Svay Rieng,Andoung Pou,
200403,Svay Rieng,Andoung Trabaek,
200404,Svay Rieng,Angk Prasrae,
200405,Svay Rieng,Chantrei,
200406,Svay Rieng,Chrey Thum,
200407,Svay Rieng,Doung,
200408,Svay Rieng,Kampong Trach,
200409,Svay Rieng,Kokir,
200410,Svay Rieng,Krasang,
200411,Svay Rieng,Mukh Da,
200412,Svay Rieng,Mream,
200413,Svay Rieng,Sambuor1,
200414,Svay Rieng,Sambatt Mean Chey,
200415,Svay Rieng,Trapeang Sdau,
200416,Svay Rieng,Tras,
200501,Svay Rieng,Angk Ta Sou,
200502,Svay Rieng,Basak,
200503,Svay Rieng,Chambak,
200504,Svay Rieng,Kompong Chamlang,
200505,Svay Rieng,Ta Suos,
200506,Svay Rieng,Thlok,
200507,Svay Rieng,Chheu Teal,
200508,Svay Rieng,Doun Sa,
200509,Svay Rieng,Kouk Pring,
200510,Svay Rieng,Kraol Kou,
200511,Svay Rieng,Kruos,
200512,Svay Rieng,Pouthi Reach,
200513,Svay Rieng,Svay Angk,
200514,Svay Rieng,Svay Chrum,
200515,Svay Rieng,Svay Thum,
200516,Svay Rieng,Svay Yea,
200601,Svay Rieng,Svay Rieng,
200602,Svay Rieng,Prey Chhlak,
200603,Svay Rieng,Koy Trabaek,
200604,Svay Rieng,Pou Ta Hao,
200605,Svay Rieng,Svay Toea,
200606,Svay Rieng,Chek,
200607,Svay Rieng,Sangkhoar,
200701,Svay Rieng,Svay Rumpea,
200702,Svay Rieng,Kokir Saom,
200703,Svay Rieng,Kandieng Reay,
200704,Svay Rieng,Monourom,
200705,Svay Rieng,Po Peaet,
200706,Svay Rieng,Prey Ta Ei,
200707,Svay Rieng,Prasout,
200708,Svay Rieng,Romeang Thkaol,
200709,Svay Rieng,Sambuor,
200801,Svay Rieng,Bavet,
200802,Svay Rieng,Prey Angkunh,
200803,Svay Rieng,Prasat,
200804,Svay Rieng,Bati,
200805,Svay Rieng,Chrak Mtes,
210101,Takeo,Angkor Borei,
210102,Takeo,Ba Srae,
210103,Takeo,Kouk Thlok,
210104,Takeo,Ponley,
210105,Takeo,Preaek Phtoul,
210106,Takeo,Prey Phkoam,
210201,Takeo,Chambak,
210202,Takeo,Champei,
210203,Takeo,Doung,
210204,Takeo,Kandoeng,
210205,Takeo,Komar Reachea,
210206,Takeo,Krang Leav,
210207,Takeo,Krang thnong,
210208,Takeo,Lumpong,
210209,Takeo,Pea Ream,
210210,Takeo,Pot Sar,
210211,Takeo,Souphi,
210212,Takeo,Tang Doung,
210213,Takeo,Tnaot,
210214,Takeo,Trapeang Krasang,
210215,Takeo,Trapeang Sab,
210301,Takeo,Bourei Cholsar,
210302,Takeo,Chey Chouk,
210303,Takeo,Doung Khpos,
210304,Takeo,Kampong Krasang,
210305,Takeo,Kouk Pou,
210401,Takeo,Angk Prasat,
210402,Takeo,Preah Bat Choan Chum,
210403,Takeo,Kamnab,
210404,Takeo,Kampeaeng1,
210405,Takeo,Kiri Chong Kaoh,
210406,Takeo,Kouk Prech,
210407,Takeo,Phnum Den,
210408,Takeo,Prey Ampok,
210409,Takeo,Prey Rumdeng,
210410,Takeo,Ream Andaeuk,
210411,Takeo,Saom,
210412,Takeo,Ta Ou,
210501,Takeo,Krapum Chhuk,
210502,Takeo,Pech Sar,
210503,Takeo,Prey Khla,
210504,Takeo,Prey Yuthka,
210505,Takeo,Romenh,
210506,Takeo,Thlea Prachum,
210601,Takeo,Angkanh1,
210602,Takeo,Ban Kam,
210603,Takeo,Champa,
210604,Takeo,Char,
210605,Takeo,Kampeaeng,
210606,Takeo,Kampong Reab,
210607,Takeo,Kdanh,
210608,Takeo,Pou Rumchak,
210609,Takeo,Prey Kabbas,
210610,Takeo,Prey Lvea,
210611,Takeo,Prey Phdau,
210612,Takeo,Snao,
210613,Takeo,Tang Yab,
210701,Takeo,Boeng Tranh Khang Cheung,
210702,Takeo,Boeng Tranh Khang Tboung,
210703,Takeo,Cheung Kuon,
210704,Takeo,Chumreah Pen,
210705,Takeo,Khvav1,
210706,Takeo,Lumchang,
210707,Takeo,Rovieng,
210708,Takeo,Samraong1,
210709,Takeo,Soeng,
210710,Takeo,Sla,
210711,Takeo,Trea,
210801,Takeo,Baray,
210802,Takeo,Roka Knong,
210803,Takeo,Roka Krau,
210901,Takeo,Angk Ta Saom,
210902,Takeo,Cheang Tong,
210903,Takeo,Kus,
210904,Takeo,Leay Bour,
210905,Takeo,Nhaeng Nhang,
210906,Takeo,Ou Saray,
210907,Takeo,Trapeang Kranhung,
210908,Takeo,Otdam Souriya,
210909,Takeo,Popel,
210910,Takeo,Samraong,
210911,Takeo,Srae Ronoung,
210912,Takeo,Ta Phem,
210913,Takeo,Tram Kak,
210914,Takeo,Trapeang Thum Khang Cheung,
210915,Takeo,Trapeang Thum Khang Tboung,
211001,Takeo,Angkanh,
211002,Takeo,Angk Khnaor,
211003,Takeo,Chi Khmar,
211004,Takeo,Khvav,
211005,Takeo,Prambei Mom,
211006,Takeo,Angk Kaev,
211007,Takeo,Prey Sloek,
211008,Takeo,Roneam,
211009,Takeo,Sambuor,
211010,Takeo,Sanlung,
211011,Takeo,Smaong,
211012,Takeo,Srangae,
211013,Takeo,Thlok,
211014,Takeo,Tralach,
220101,Otdar Meanchey,Anlong Veaeng,
220102,Otdar Meanchey,Lumtong,
220103,Otdar Meanchey,Trapeang Tav,
220104,Otdar Meanchey,Trapeang Prei,
220105,Otdar Meanchey,Thlat,
220201,Otdar Meanchey,Ampil,
220202,Otdar Meanchey,Beng,
220203,Otdar Meanchey,Kouk Khpos,
220204,Otdar Meanchey,Kouk Mon,
220301,Otdar Meanchey,Cheung Tien,
220302,Otdar Meanchey,Chong Kal,
220303,Otdar Meanchey,Krasang,
220304,Otdar Meanchey,Pongro,
220401,Otdar Meanchey,Bansay Reak,
220402,Otdar Meanchey,Bos Sbov,
220403,Otdar Meanchey,Koun Kriel,
220404,Otdar Meanchey,Samraong,
220405,Otdar Meanchey,Ou Smach,
220501,Otdar Meanchey,Bak Anlung,
220502,Otdar Meanchey,Ph'av,
220503,Otdar Meanchey,Ou Svay,
220504,Otdar Meanchey,Preah Pralay,
220505,Otdar Meanchey,Tumnob Dach,
220506,Otdar Meanchey,Trapeang Prasat,
230101,Kep,Angkaol,
230102,Kep,Ou Krasar,
230103,Kep,Pong Tuek,
230201,Kep,Kaeb,
230202,Kep,Prey Thum,
240101,Pailin,Pailin,
240102,Pailin,Ou Tavau,
240103,Pailin,Tuol Lvea,
240104,Pailin,Ba Yakha,
240201,Pailin,Sala Krau,
240202,Pailin,Stueng Trang,
240203,Pailin,Stueng Kach,
240204,Pailin,Ou Andoung,
